,bam_0,bam_control_0,uid
0,/home/hsher/scratch/ABC_reprocess/K562_RBFOX2_rep1/bams/genome/RBFOX2.genome-mappedSoSo.rmDupSo.Aligned.out.bam,/home/hsher/scratch/eric_rbfox2_293t_snake/downsample_bams/Dan_singleplex_K562_rep1_RBFOX2_down_INPUT.bam,Dan_singleplex_K562_rep1_RBFOX2
1,/home/hsher/scratch/eric_rbfox2_293t_snake/downsample_bams/ENCODE_Dan_singleplex_K562_rep1_RBFOX2_CLIP.bam,/home/hsher/scratch/encode_recall/encode3.676_01_RBFOX2_INPUT.NIL.r1.fq.genome-mappedSo.rmDupSo.r2.bam,ENCODE_Dan_singleplex_K562_rep1_RBFOX2
2,/home/hsher/scratch/ABC_reprocess/K562_RBFOX2_rep2/bams/genome/RBFOX2.genome-mappedSoSo.rmDupSo.Aligned.out.bam,/home/hsher/scratch/eric_rbfox2_293t_snake/downsample_bams/Dan_singleplex_K562_rep2_RBFOX2_down_INPUT.bam,Dan_singleplex_K562_rep2_RBFOX2
3,/home/hsher/scratch/eric_rbfox2_293t_snake/downsample_bams/ENCODE_Dan_singleplex_K562_rep2_RBFOX2_CLIP.bam,/home/hsher/scratch/encode_recall/encode3.676_01_RBFOX2_INPUT.NIL.r1.fq.genome-mappedSo.rmDupSo.r2.bam,ENCODE_Dan_singleplex_K562_rep2_RBFOX2
4,/home/hsher/scratch/ABC_reprocess/K562_SLBP_rep1/bams/genome/SLBP.genome-mappedSoSo.rmDupSo.Aligned.out.bam,/home/hsher/scratch/eric_rbfox2_293t_snake/downsample_bams/Dan_singleplex_K562_rep1_SLBP_down_INPUT.bam,Dan_singleplex_K562_rep1_SLBP
5,/home/hsher/scratch/eric_rbfox2_293t_snake/downsample_bams/ENCODE_Dan_singleplex_K562_rep1_SLBP_CLIP.bam,/projects/ps-yeolab3/encode/analysis/encode_GRCh38_v1/262_INPUT_ATTCAGAA-TATAGCCT_L006_R1.unassigned.adapterTrim.round2.rmRep.rmDup.sorted.r2.bam,ENCODE_Dan_singleplex_K562_rep1_SLBP
6,/home/hsher/scratch/ABC_reprocess/K562_SLBP_rep2/bams/genome/SLBP.genome-mappedSoSo.rmDupSo.Aligned.out.bam,/home/hsher/scratch/eric_rbfox2_293t_snake/downsample_bams/Dan_singleplex_K562_rep2_SLBP_down_INPUT.bam,Dan_singleplex_K562_rep2_SLBP
7,/home/hsher/scratch/eric_rbfox2_293t_snake/downsample_bams/ENCODE_Dan_singleplex_K562_rep2_SLBP_CLIP.bam,/projects/ps-yeolab3/encode/analysis/encode_GRCh38_v1/262_INPUT_ATTCAGAA-TATAGCCT_L006_R1.unassigned.adapterTrim.round2.rmRep.rmDup.sorted.r2.bam,ENCODE_Dan_singleplex_K562_rep2_SLBP
8,/home/hsher/scratch/ABC_reprocess/HEK293_RBFOX2_rep1/bams/genome/RBFOX2.genome-mappedSoSo.rmDupSo.Aligned.out.bam,/home/hsher/scratch/eric_rbfox2_293t_snake/downsample_bams/Dan_singleplex_HEK293_rep1_RBFOX2_down_INPUT.bam,Dan_singleplex_HEK293_rep1_RBFOX2
9,/home/hsher/scratch/eric_rbfox2_293t_snake/downsample_bams/ENCODE_Dan_singleplex_HEK293_rep1_RBFOX2_CLIP.bam,/home/bay001/projects/hugo_tripseq_20210609/permanent_data/00_nmeth_2016/GRCh38/nmeth_2016_grch38_v3/results/RBFOX2_293t_GRCh38.1120_2500_INPUT.NIL.r1.fq.genome-mappedSo.rmDupSo.r2.bam,ENCODE_Dan_singleplex_HEK293_rep1_RBFOX2
10,/home/hsher/scratch/ABC_reprocess/HEK293_RBFOX2_rep2/bams/genome/RBFOX2.genome-mappedSoSo.rmDupSo.Aligned.out.bam,/home/hsher/scratch/eric_rbfox2_293t_snake/downsample_bams/Dan_singleplex_HEK293_rep2_RBFOX2_down_INPUT.bam,Dan_singleplex_HEK293_rep2_RBFOX2
11,/home/hsher/scratch/eric_rbfox2_293t_snake/downsample_bams/ENCODE_Dan_singleplex_HEK293_rep2_RBFOX2_CLIP.bam,/home/bay001/projects/hugo_tripseq_20210609/permanent_data/00_nmeth_2016/GRCh38/nmeth_2016_grch38_v3/results/RBFOX2_293t_GRCh38.1120_2500_INPUT.NIL.r1.fq.genome-mappedSo.rmDupSo.r2.bam,ENCODE_Dan_singleplex_HEK293_rep2_RBFOX2
12,/home/hsher/scratch/ABC_reprocess/K562_rep1/bams/genome/IGF2BP2.genome-mappedSoSo.rmDupSo.Aligned.out.bam,/home/hsher/scratch/eric_rbfox2_293t_snake/downsample_bams/Dan_multiplex1_K562_rep1_IGF2BP2_down_INPUT.bam,Dan_multiplex1_K562_rep1_IGF2BP2
13,/home/hsher/scratch/eric_rbfox2_293t_snake/downsample_bams/ENCODE_Dan_multiplex1_K562_rep1_IGF2BP2_CLIP.bam,/home/hsher/scratch/encode_recall/encode3.226_01_IGF2BP2_INPUT.NIL.r1.fq.genome-mappedSo.rmDupSo.r2.bam,ENCODE_Dan_multiplex1_K562_rep1_IGF2BP2
14,/home/hsher/scratch/ABC_reprocess/K562_rep2/bams/genome/IGF2BP2.genome-mappedSoSo.rmDupSo.Aligned.out.bam,/home/hsher/scratch/eric_rbfox2_293t_snake/downsample_bams/Dan_multiplex1_K562_rep2_IGF2BP2_down_INPUT.bam,Dan_multiplex1_K562_rep2_IGF2BP2
15,/home/hsher/scratch/eric_rbfox2_293t_snake/downsample_bams/ENCODE_Dan_multiplex1_K562_rep2_IGF2BP2_CLIP.bam,/home/hsher/scratch/encode_recall/encode3.226_01_IGF2BP2_INPUT.NIL.r1.fq.genome-mappedSo.rmDupSo.r2.bam,ENCODE_Dan_multiplex1_K562_rep2_IGF2BP2
16,/home/hsher/scratch/ABC_reprocess/HEK293_rep1/bams/genome/IGF2BP2.genome-mappedSoSo.rmDupSo.Aligned.out.bam,/home/hsher/seqdata/20210702_293t_ribodep_rnaseq/SRR8181090Aligned.sortedByCoord.out.bam,Dan_multiplex1_HEK293_rep1_IGF2BP2
17,/home/hsher/scratch/ABC_reprocess/HEK293_rep2/bams/genome/IGF2BP2.genome-mappedSoSo.rmDupSo.Aligned.out.bam,/home/hsher/seqdata/20210702_293t_ribodep_rnaseq/SRR8181090Aligned.sortedByCoord.out.bam,Dan_multiplex1_HEK293_rep2_IGF2BP2
18,/home/hsher/scratch/ABC_reprocess/K562_rep1/bams/genome/RBFOX2.genome-mappedSoSo.rmDupSo.Aligned.out.bam,/home/hsher/scratch/eric_rbfox2_293t_snake/downsample_bams/Dan_multiplex1_K562_rep1_RBFOX2_down_INPUT.bam,Dan_multiplex1_K562_rep1_RBFOX2
19,/home/hsher/scratch/eric_rbfox2_293t_snake/downsample_bams/ENCODE_Dan_multiplex1_K562_rep1_RBFOX2_CLIP.bam,/home/hsher/scratch/encode_recall/encode3.676_01_RBFOX2_INPUT.NIL.r1.fq.genome-mappedSo.rmDupSo.r2.bam,ENCODE_Dan_multiplex1_K562_rep1_RBFOX2
20,/home/hsher/scratch/ABC_reprocess/K562_rep2/bams/genome/RBFOX2.genome-mappedSoSo.rmDupSo.Aligned.out.bam,/home/hsher/scratch/eric_rbfox2_293t_snake/downsample_bams/Dan_multiplex1_K562_rep2_RBFOX2_down_INPUT.bam,Dan_multiplex1_K562_rep2_RBFOX2
21,/home/hsher/scratch/eric_rbfox2_293t_snake/downsample_bams/ENCODE_Dan_multiplex1_K562_rep2_RBFOX2_CLIP.bam,/home/hsher/scratch/encode_recall/encode3.676_01_RBFOX2_INPUT.NIL.r1.fq.genome-mappedSo.rmDupSo.r2.bam,ENCODE_Dan_multiplex1_K562_rep2_RBFOX2
22,/home/hsher/scratch/ABC_reprocess/HEK293_rep1/bams/genome/RBFOX2.genome-mappedSoSo.rmDupSo.Aligned.out.bam,/home/hsher/scratch/eric_rbfox2_293t_snake/downsample_bams/Dan_multiplex1_HEK293_rep1_RBFOX2_down_INPUT.bam,Dan_multiplex1_HEK293_rep1_RBFOX2
23,/home/hsher/scratch/eric_rbfox2_293t_snake/downsample_bams/ENCODE_Dan_multiplex1_HEK293_rep1_RBFOX2_CLIP.bam,/home/bay001/projects/hugo_tripseq_20210609/permanent_data/00_nmeth_2016/GRCh38/nmeth_2016_grch38_v3/results/RBFOX2_293t_GRCh38.1120_2500_INPUT.NIL.r1.fq.genome-mappedSo.rmDupSo.r2.bam,ENCODE_Dan_multiplex1_HEK293_rep1_RBFOX2
24,/home/hsher/scratch/ABC_reprocess/HEK293_rep2/bams/genome/RBFOX2.genome-mappedSoSo.rmDupSo.Aligned.out.bam,/home/hsher/scratch/eric_rbfox2_293t_snake/downsample_bams/Dan_multiplex1_HEK293_rep2_RBFOX2_down_INPUT.bam,Dan_multiplex1_HEK293_rep2_RBFOX2
25,/home/hsher/scratch/eric_rbfox2_293t_snake/downsample_bams/ENCODE_Dan_multiplex1_HEK293_rep2_RBFOX2_CLIP.bam,/home/bay001/projects/hugo_tripseq_20210609/permanent_data/00_nmeth_2016/GRCh38/nmeth_2016_grch38_v3/results/RBFOX2_293t_GRCh38.1120_2500_INPUT.NIL.r1.fq.genome-mappedSo.rmDupSo.r2.bam,ENCODE_Dan_multiplex1_HEK293_rep2_RBFOX2
26,/home/hsher/scratch/ABC_reprocess/K562_rep1/bams/genome/PUM2.genome-mappedSoSo.rmDupSo.Aligned.out.bam,/home/hsher/scratch/eric_rbfox2_293t_snake/downsample_bams/Dan_multiplex1_K562_rep1_PUM2_down_INPUT.bam,Dan_multiplex1_K562_rep1_PUM2
27,/home/hsher/scratch/eric_rbfox2_293t_snake/downsample_bams/ENCODE_Dan_multiplex1_K562_rep1_PUM2_CLIP.bam,/home/hsher/scratch/encode_recall/encode3.441_01_PUM2_INPUT.NIL.r1.fq.genome-mappedSo.rmDupSo.r2.bam,ENCODE_Dan_multiplex1_K562_rep1_PUM2
28,/home/hsher/scratch/ABC_reprocess/K562_rep2/bams/genome/PUM2.genome-mappedSoSo.rmDupSo.Aligned.out.bam,/home/hsher/scratch/eric_rbfox2_293t_snake/downsample_bams/Dan_multiplex1_K562_rep2_PUM2_down_INPUT.bam,Dan_multiplex1_K562_rep2_PUM2
29,/home/hsher/scratch/eric_rbfox2_293t_snake/downsample_bams/ENCODE_Dan_multiplex1_K562_rep2_PUM2_CLIP.bam,/home/hsher/scratch/encode_recall/encode3.441_01_PUM2_INPUT.NIL.r1.fq.genome-mappedSo.rmDupSo.r2.bam,ENCODE_Dan_multiplex1_K562_rep2_PUM2
30,/home/hsher/scratch/ABC_reprocess/HEK293_rep1/bams/genome/PUM2.genome-mappedSoSo.rmDupSo.Aligned.out.bam,/home/hsher/seqdata/20210702_293t_ribodep_rnaseq/SRR8181090Aligned.sortedByCoord.out.bam,Dan_multiplex1_HEK293_rep1_PUM2
31,/home/hsher/scratch/ABC_reprocess/HEK293_rep2/bams/genome/PUM2.genome-mappedSoSo.rmDupSo.Aligned.out.bam,/home/hsher/seqdata/20210702_293t_ribodep_rnaseq/SRR8181090Aligned.sortedByCoord.out.bam,Dan_multiplex1_HEK293_rep2_PUM2
32,/home/hsher/scratch/ABC_reprocess/K562_rep1/bams/genome/FAM120A.genome-mappedSoSo.rmDupSo.Aligned.out.bam,/home/hsher/scratch/eric_rbfox2_293t_snake/downsample_bams/Dan_multiplex1_K562_rep1_FAM120A_down_INPUT.bam,Dan_multiplex1_K562_rep1_FAM120A
33,/home/hsher/scratch/eric_rbfox2_293t_snake/downsample_bams/ENCODE_Dan_multiplex1_K562_rep1_FAM120A_CLIP.bam,/home/hsher/scratch/encode_recall/encode3.279_01_FAM120A_INPUT.NIL.r1.fq.genome-mappedSo.rmDupSo.r2.bam,ENCODE_Dan_multiplex1_K562_rep1_FAM120A
34,/home/hsher/scratch/ABC_reprocess/K562_rep2/bams/genome/FAM120A.genome-mappedSoSo.rmDupSo.Aligned.out.bam,/home/hsher/scratch/eric_rbfox2_293t_snake/downsample_bams/Dan_multiplex1_K562_rep2_FAM120A_down_INPUT.bam,Dan_multiplex1_K562_rep2_FAM120A
35,/home/hsher/scratch/eric_rbfox2_293t_snake/downsample_bams/ENCODE_Dan_multiplex1_K562_rep2_FAM120A_CLIP.bam,/home/hsher/scratch/encode_recall/encode3.279_01_FAM120A_INPUT.NIL.r1.fq.genome-mappedSo.rmDupSo.r2.bam,ENCODE_Dan_multiplex1_K562_rep2_FAM120A
36,/home/hsher/scratch/ABC_reprocess/HEK293_rep1/bams/genome/FAM120A.genome-mappedSoSo.rmDupSo.Aligned.out.bam,/home/hsher/seqdata/20210702_293t_ribodep_rnaseq/SRR8181090Aligned.sortedByCoord.out.bam,Dan_multiplex1_HEK293_rep1_FAM120A
37,/home/hsher/scratch/ABC_reprocess/HEK293_rep2/bams/genome/FAM120A.genome-mappedSoSo.rmDupSo.Aligned.out.bam,/home/hsher/seqdata/20210702_293t_ribodep_rnaseq/SRR8181090Aligned.sortedByCoord.out.bam,Dan_multiplex1_HEK293_rep2_FAM120A
38,/home/hsher/scratch/ABC_reprocess/K562_rep1/bams/genome/DDX3.genome-mappedSoSo.rmDupSo.Aligned.out.bam,/home/hsher/scratch/eric_rbfox2_293t_snake/downsample_bams/Dan_multiplex1_K562_rep1_DDX3_down_INPUT.bam,Dan_multiplex1_K562_rep1_DDX3
39,/home/hsher/scratch/eric_rbfox2_293t_snake/downsample_bams/ENCODE_Dan_multiplex1_K562_rep1_DDX3_CLIP.bam,/home/hsher/scratch/encode_recall/encode3.350_01_DDX3X_INPUT.NIL.r1.fq.genome-mappedSo.rmDupSo.r2.bam,ENCODE_Dan_multiplex1_K562_rep1_DDX3
40,/home/hsher/scratch/ABC_reprocess/K562_rep2/bams/genome/DDX3.genome-mappedSoSo.rmDupSo.Aligned.out.bam,/home/hsher/scratch/eric_rbfox2_293t_snake/downsample_bams/Dan_multiplex1_K562_rep2_DDX3_down_INPUT.bam,Dan_multiplex1_K562_rep2_DDX3
41,/home/hsher/scratch/eric_rbfox2_293t_snake/downsample_bams/ENCODE_Dan_multiplex1_K562_rep2_DDX3_CLIP.bam,/home/hsher/scratch/encode_recall/encode3.350_01_DDX3X_INPUT.NIL.r1.fq.genome-mappedSo.rmDupSo.r2.bam,ENCODE_Dan_multiplex1_K562_rep2_DDX3
42,/home/hsher/scratch/ABC_reprocess/HEK293_rep1/bams/genome/DDX3.genome-mappedSoSo.rmDupSo.Aligned.out.bam,/home/hsher/seqdata/20210702_293t_ribodep_rnaseq/SRR8181090Aligned.sortedByCoord.out.bam,Dan_multiplex1_HEK293_rep1_DDX3
43,/home/hsher/scratch/ABC_reprocess/HEK293_rep2/bams/genome/DDX3.genome-mappedSoSo.rmDupSo.Aligned.out.bam,/home/hsher/seqdata/20210702_293t_ribodep_rnaseq/SRR8181090Aligned.sortedByCoord.out.bam,Dan_multiplex1_HEK293_rep2_DDX3
44,/home/hsher/scratch/ABC_reprocess/K562_rep1/bams/genome/ZC3H11A.genome-mappedSoSo.rmDupSo.Aligned.out.bam,/home/hsher/scratch/eric_rbfox2_293t_snake/downsample_bams/Dan_multiplex1_K562_rep1_ZC3H11A_down_INPUT.bam,Dan_multiplex1_K562_rep1_ZC3H11A
45,/home/hsher/scratch/eric_rbfox2_293t_snake/downsample_bams/ENCODE_Dan_multiplex1_K562_rep1_ZC3H11A_CLIP.bam,/home/hsher/scratch/encode_recall/encode3.684_01_ZC3H11A_INPUT.NIL.r1.fq.genome-mappedSo.rmDupSo.r2.bam,ENCODE_Dan_multiplex1_K562_rep1_ZC3H11A
46,/home/hsher/scratch/ABC_reprocess/K562_rep2/bams/genome/ZC3H11A.genome-mappedSoSo.rmDupSo.Aligned.out.bam,/home/hsher/scratch/eric_rbfox2_293t_snake/downsample_bams/Dan_multiplex1_K562_rep2_ZC3H11A_down_INPUT.bam,Dan_multiplex1_K562_rep2_ZC3H11A
47,/home/hsher/scratch/eric_rbfox2_293t_snake/downsample_bams/ENCODE_Dan_multiplex1_K562_rep2_ZC3H11A_CLIP.bam,/home/hsher/scratch/encode_recall/encode3.684_01_ZC3H11A_INPUT.NIL.r1.fq.genome-mappedSo.rmDupSo.r2.bam,ENCODE_Dan_multiplex1_K562_rep2_ZC3H11A
48,/home/hsher/scratch/ABC_reprocess/HEK293_rep1/bams/genome/ZC3H11A.genome-mappedSoSo.rmDupSo.Aligned.out.bam,/home/hsher/seqdata/20210702_293t_ribodep_rnaseq/SRR8181090Aligned.sortedByCoord.out.bam,Dan_multiplex1_HEK293_rep1_ZC3H11A
49,/home/hsher/scratch/ABC_reprocess/HEK293_rep2/bams/genome/ZC3H11A.genome-mappedSoSo.rmDupSo.Aligned.out.bam,/home/hsher/seqdata/20210702_293t_ribodep_rnaseq/SRR8181090Aligned.sortedByCoord.out.bam,Dan_multiplex1_HEK293_rep2_ZC3H11A
50,/home/hsher/scratch/ABC_reprocess/K562_rep1/bams/genome/EIF3G.genome-mappedSoSo.rmDupSo.Aligned.out.bam,/home/hsher/scratch/eric_rbfox2_293t_snake/downsample_bams/Dan_multiplex1_K562_rep1_EIF3G_down_INPUT.bam,Dan_multiplex1_K562_rep1_EIF3G
51,/home/hsher/scratch/eric_rbfox2_293t_snake/downsample_bams/ENCODE_Dan_multiplex1_K562_rep1_EIF3G_CLIP.bam,/home/hsher/scratch/encode_recall/encode3.646_01_EIF3G_INPUT.NIL.r1.fq.genome-mappedSo.rmDupSo.r2.bam,ENCODE_Dan_multiplex1_K562_rep1_EIF3G
52,/home/hsher/scratch/ABC_reprocess/K562_rep2/bams/genome/EIF3G.genome-mappedSoSo.rmDupSo.Aligned.out.bam,/home/hsher/scratch/eric_rbfox2_293t_snake/downsample_bams/Dan_multiplex1_K562_rep2_EIF3G_down_INPUT.bam,Dan_multiplex1_K562_rep2_EIF3G
53,/home/hsher/scratch/eric_rbfox2_293t_snake/downsample_bams/ENCODE_Dan_multiplex1_K562_rep2_EIF3G_CLIP.bam,/home/hsher/scratch/encode_recall/encode3.646_01_EIF3G_INPUT.NIL.r1.fq.genome-mappedSo.rmDupSo.r2.bam,ENCODE_Dan_multiplex1_K562_rep2_EIF3G
54,/home/hsher/scratch/ABC_reprocess/HEK293_rep1/bams/genome/EIF3G.genome-mappedSoSo.rmDupSo.Aligned.out.bam,/home/hsher/seqdata/20210702_293t_ribodep_rnaseq/SRR8181090Aligned.sortedByCoord.out.bam,Dan_multiplex1_HEK293_rep1_EIF3G
55,/home/hsher/scratch/ABC_reprocess/HEK293_rep2/bams/genome/EIF3G.genome-mappedSoSo.rmDupSo.Aligned.out.bam,/home/hsher/seqdata/20210702_293t_ribodep_rnaseq/SRR8181090Aligned.sortedByCoord.out.bam,Dan_multiplex1_HEK293_rep2_EIF3G
56,/home/hsher/scratch/ABC_reprocess/K562_rep1/bams/genome/PRPF8.genome-mappedSoSo.rmDupSo.Aligned.out.bam,/home/hsher/scratch/eric_rbfox2_293t_snake/downsample_bams/Dan_multiplex1_K562_rep1_PRPF8_down_INPUT.bam,Dan_multiplex1_K562_rep1_PRPF8
57,/home/hsher/scratch/eric_rbfox2_293t_snake/downsample_bams/ENCODE_Dan_multiplex1_K562_rep1_PRPF8_CLIP.bam,/home/hsher/scratch/encode_recall/encode3.278_01_PRPF8_INPUT.NIL.r1.fq.genome-mappedSo.rmDupSo.r2.bam,ENCODE_Dan_multiplex1_K562_rep1_PRPF8
58,/home/hsher/scratch/ABC_reprocess/K562_rep2/bams/genome/PRPF8.genome-mappedSoSo.rmDupSo.Aligned.out.bam,/home/hsher/scratch/eric_rbfox2_293t_snake/downsample_bams/Dan_multiplex1_K562_rep2_PRPF8_down_INPUT.bam,Dan_multiplex1_K562_rep2_PRPF8
59,/home/hsher/scratch/eric_rbfox2_293t_snake/downsample_bams/ENCODE_Dan_multiplex1_K562_rep2_PRPF8_CLIP.bam,/home/hsher/scratch/encode_recall/encode3.278_01_PRPF8_INPUT.NIL.r1.fq.genome-mappedSo.rmDupSo.r2.bam,ENCODE_Dan_multiplex1_K562_rep2_PRPF8
60,/home/hsher/scratch/ABC_reprocess/HEK293_rep1/bams/genome/PRPF8.genome-mappedSoSo.rmDupSo.Aligned.out.bam,/home/hsher/seqdata/20210702_293t_ribodep_rnaseq/SRR8181090Aligned.sortedByCoord.out.bam,Dan_multiplex1_HEK293_rep1_PRPF8
61,/home/hsher/scratch/ABC_reprocess/HEK293_rep2/bams/genome/PRPF8.genome-mappedSoSo.rmDupSo.Aligned.out.bam,/home/hsher/seqdata/20210702_293t_ribodep_rnaseq/SRR8181090Aligned.sortedByCoord.out.bam,Dan_multiplex1_HEK293_rep2_PRPF8
62,/home/hsher/scratch/ABC_reprocess/K562_rep1/bams/genome/LIN28B.genome-mappedSoSo.rmDupSo.Aligned.out.bam,/home/hsher/scratch/eric_rbfox2_293t_snake/downsample_bams/Dan_multiplex1_K562_rep1_LIN28B_down_INPUT.bam,Dan_multiplex1_K562_rep1_LIN28B
63,/home/hsher/scratch/eric_rbfox2_293t_snake/downsample_bams/ENCODE_Dan_multiplex1_K562_rep1_LIN28B_CLIP.bam,/home/hsher/scratch/encode_recall/encode3.325_01_LIN28B_INPUT.NIL.r1.fq.genome-mappedSo.rmDupSo.r2.bam,ENCODE_Dan_multiplex1_K562_rep1_LIN28B
64,/home/hsher/scratch/ABC_reprocess/K562_rep2/bams/genome/LIN28B.genome-mappedSoSo.rmDupSo.Aligned.out.bam,/home/hsher/scratch/eric_rbfox2_293t_snake/downsample_bams/Dan_multiplex1_K562_rep2_LIN28B_down_INPUT.bam,Dan_multiplex1_K562_rep2_LIN28B
65,/home/hsher/scratch/eric_rbfox2_293t_snake/downsample_bams/ENCODE_Dan_multiplex1_K562_rep2_LIN28B_CLIP.bam,/home/hsher/scratch/encode_recall/encode3.325_01_LIN28B_INPUT.NIL.r1.fq.genome-mappedSo.rmDupSo.r2.bam,ENCODE_Dan_multiplex1_K562_rep2_LIN28B
66,/home/hsher/scratch/ABC_reprocess/HEK293_rep1/bams/genome/LIN28B.genome-mappedSoSo.rmDupSo.Aligned.out.bam,/home/hsher/seqdata/20210702_293t_ribodep_rnaseq/SRR8181090Aligned.sortedByCoord.out.bam,Dan_multiplex1_HEK293_rep1_LIN28B
67,/home/hsher/scratch/ABC_reprocess/HEK293_rep2/bams/genome/LIN28B.genome-mappedSoSo.rmDupSo.Aligned.out.bam,/home/hsher/seqdata/20210702_293t_ribodep_rnaseq/SRR8181090Aligned.sortedByCoord.out.bam,Dan_multiplex1_HEK293_rep2_LIN28B
68,/home/hsher/scratch/ABC_reprocess/K562_rep1/bams/genome/SF3B4.genome-mappedSoSo.rmDupSo.Aligned.out.bam,/home/hsher/scratch/eric_rbfox2_293t_snake/downsample_bams/Dan_multiplex1_K562_rep1_SF3B4_down_INPUT.bam,Dan_multiplex1_K562_rep1_SF3B4
69,/home/hsher/scratch/eric_rbfox2_293t_snake/downsample_bams/ENCODE_Dan_multiplex1_K562_rep1_SF3B4_CLIP.bam,/home/hsher/scratch/encode_recall/encode3.507_01_SF3B4_INPUT.NIL.r1.fq.genome-mappedSo.rmDupSo.r2.bam,ENCODE_Dan_multiplex1_K562_rep1_SF3B4
70,/home/hsher/scratch/ABC_reprocess/K562_rep2/bams/genome/SF3B4.genome-mappedSoSo.rmDupSo.Aligned.out.bam,/home/hsher/scratch/eric_rbfox2_293t_snake/downsample_bams/Dan_multiplex1_K562_rep2_SF3B4_down_INPUT.bam,Dan_multiplex1_K562_rep2_SF3B4
71,/home/hsher/scratch/eric_rbfox2_293t_snake/downsample_bams/ENCODE_Dan_multiplex1_K562_rep2_SF3B4_CLIP.bam,/home/hsher/scratch/encode_recall/encode3.507_01_SF3B4_INPUT.NIL.r1.fq.genome-mappedSo.rmDupSo.r2.bam,ENCODE_Dan_multiplex1_K562_rep2_SF3B4
72,/home/hsher/scratch/ABC_reprocess/HEK293_rep1/bams/genome/SF3B4.genome-mappedSoSo.rmDupSo.Aligned.out.bam,/home/hsher/seqdata/20210702_293t_ribodep_rnaseq/SRR8181090Aligned.sortedByCoord.out.bam,Dan_multiplex1_HEK293_rep1_SF3B4
73,/home/hsher/scratch/ABC_reprocess/HEK293_rep2/bams/genome/SF3B4.genome-mappedSoSo.rmDupSo.Aligned.out.bam,/home/hsher/seqdata/20210702_293t_ribodep_rnaseq/SRR8181090Aligned.sortedByCoord.out.bam,Dan_multiplex1_HEK293_rep2_SF3B4
74,/home/hsher/scratch/ABC_reprocess2/K562_rep3/bams/genome/IGF2BP2.genome-mappedSoSo.rmDupSo.Aligned.out.bam,/home/hsher/scratch/eric_rbfox2_293t_snake/downsample_bams/Dan_multiplex1_K562_rep3_IGF2BP2_down_INPUT.bam,Dan_multiplex1_K562_rep3_IGF2BP2
75,/home/hsher/scratch/eric_rbfox2_293t_snake/downsample_bams/ENCODE_Dan_multiplex1_K562_rep3_IGF2BP2_CLIP.bam,/home/hsher/scratch/encode_recall/encode3.226_01_IGF2BP2_INPUT.NIL.r1.fq.genome-mappedSo.rmDupSo.r2.bam,ENCODE_Dan_multiplex1_K562_rep3_IGF2BP2
76,/home/hsher/scratch/ABC_reprocess2/K562_rep4/bams/genome/IGF2BP2.genome-mappedSoSo.rmDupSo.Aligned.out.bam,/home/hsher/scratch/eric_rbfox2_293t_snake/downsample_bams/Dan_multiplex1_K562_rep4_IGF2BP2_down_INPUT.bam,Dan_multiplex1_K562_rep4_IGF2BP2
77,/home/hsher/scratch/eric_rbfox2_293t_snake/downsample_bams/ENCODE_Dan_multiplex1_K562_rep4_IGF2BP2_CLIP.bam,/home/hsher/scratch/encode_recall/encode3.226_01_IGF2BP2_INPUT.NIL.r1.fq.genome-mappedSo.rmDupSo.r2.bam,ENCODE_Dan_multiplex1_K562_rep4_IGF2BP2
78,/home/hsher/scratch/ABC_reprocess2/K562_rep5/bams/genome/IGF2BP2.genome-mappedSoSo.rmDupSo.Aligned.out.bam,/home/hsher/scratch/eric_rbfox2_293t_snake/downsample_bams/Dan_multiplex1_K562_rep5_IGF2BP2_down_INPUT.bam,Dan_multiplex1_K562_rep5_IGF2BP2
79,/home/hsher/scratch/eric_rbfox2_293t_snake/downsample_bams/ENCODE_Dan_multiplex1_K562_rep5_IGF2BP2_CLIP.bam,/home/hsher/scratch/encode_recall/encode3.226_01_IGF2BP2_INPUT.NIL.r1.fq.genome-mappedSo.rmDupSo.r2.bam,ENCODE_Dan_multiplex1_K562_rep5_IGF2BP2
80,/home/hsher/scratch/ABC_reprocess2/K562_rep6/bams/genome/IGF2BP2.genome-mappedSoSo.rmDupSo.Aligned.out.bam,/home/hsher/scratch/eric_rbfox2_293t_snake/downsample_bams/Dan_multiplex1_K562_rep6_IGF2BP2_down_INPUT.bam,Dan_multiplex1_K562_rep6_IGF2BP2
81,/home/hsher/scratch/eric_rbfox2_293t_snake/downsample_bams/ENCODE_Dan_multiplex1_K562_rep6_IGF2BP2_CLIP.bam,/home/hsher/scratch/encode_recall/encode3.226_01_IGF2BP2_INPUT.NIL.r1.fq.genome-mappedSo.rmDupSo.r2.bam,ENCODE_Dan_multiplex1_K562_rep6_IGF2BP2
82,/home/hsher/scratch/ABC_reprocess2/K562_rep3/bams/genome/RBFOX2.genome-mappedSoSo.rmDupSo.Aligned.out.bam,/home/hsher/scratch/eric_rbfox2_293t_snake/downsample_bams/Dan_multiplex1_K562_rep3_RBFOX2_down_INPUT.bam,Dan_multiplex1_K562_rep3_RBFOX2
83,/home/hsher/scratch/eric_rbfox2_293t_snake/downsample_bams/ENCODE_Dan_multiplex1_K562_rep3_RBFOX2_CLIP.bam,/home/hsher/scratch/encode_recall/encode3.676_01_RBFOX2_INPUT.NIL.r1.fq.genome-mappedSo.rmDupSo.r2.bam,ENCODE_Dan_multiplex1_K562_rep3_RBFOX2
84,/home/hsher/scratch/ABC_reprocess2/K562_rep4/bams/genome/RBFOX2.genome-mappedSoSo.rmDupSo.Aligned.out.bam,/home/hsher/scratch/eric_rbfox2_293t_snake/downsample_bams/Dan_multiplex1_K562_rep4_RBFOX2_down_INPUT.bam,Dan_multiplex1_K562_rep4_RBFOX2
85,/home/hsher/scratch/eric_rbfox2_293t_snake/downsample_bams/ENCODE_Dan_multiplex1_K562_rep4_RBFOX2_CLIP.bam,/home/hsher/scratch/encode_recall/encode3.676_01_RBFOX2_INPUT.NIL.r1.fq.genome-mappedSo.rmDupSo.r2.bam,ENCODE_Dan_multiplex1_K562_rep4_RBFOX2
86,/home/hsher/scratch/ABC_reprocess2/K562_rep5/bams/genome/RBFOX2.genome-mappedSoSo.rmDupSo.Aligned.out.bam,/home/hsher/scratch/eric_rbfox2_293t_snake/downsample_bams/Dan_multiplex1_K562_rep5_RBFOX2_down_INPUT.bam,Dan_multiplex1_K562_rep5_RBFOX2
87,/home/hsher/scratch/eric_rbfox2_293t_snake/downsample_bams/ENCODE_Dan_multiplex1_K562_rep5_RBFOX2_CLIP.bam,/home/hsher/scratch/encode_recall/encode3.676_01_RBFOX2_INPUT.NIL.r1.fq.genome-mappedSo.rmDupSo.r2.bam,ENCODE_Dan_multiplex1_K562_rep5_RBFOX2
88,/home/hsher/scratch/ABC_reprocess2/K562_rep6/bams/genome/RBFOX2.genome-mappedSoSo.rmDupSo.Aligned.out.bam,/home/hsher/scratch/eric_rbfox2_293t_snake/downsample_bams/Dan_multiplex1_K562_rep6_RBFOX2_down_INPUT.bam,Dan_multiplex1_K562_rep6_RBFOX2
89,/home/hsher/scratch/eric_rbfox2_293t_snake/downsample_bams/ENCODE_Dan_multiplex1_K562_rep6_RBFOX2_CLIP.bam,/home/hsher/scratch/encode_recall/encode3.676_01_RBFOX2_INPUT.NIL.r1.fq.genome-mappedSo.rmDupSo.r2.bam,ENCODE_Dan_multiplex1_K562_rep6_RBFOX2
90,/home/hsher/scratch/ABC_reprocess2/K562_rep3/bams/genome/PUM2.genome-mappedSoSo.rmDupSo.Aligned.out.bam,/home/hsher/scratch/eric_rbfox2_293t_snake/downsample_bams/Dan_multiplex1_K562_rep3_PUM2_down_INPUT.bam,Dan_multiplex1_K562_rep3_PUM2
91,/home/hsher/scratch/eric_rbfox2_293t_snake/downsample_bams/ENCODE_Dan_multiplex1_K562_rep3_PUM2_CLIP.bam,/home/hsher/scratch/encode_recall/encode3.441_01_PUM2_INPUT.NIL.r1.fq.genome-mappedSo.rmDupSo.r2.bam,ENCODE_Dan_multiplex1_K562_rep3_PUM2
92,/home/hsher/scratch/ABC_reprocess2/K562_rep4/bams/genome/PUM2.genome-mappedSoSo.rmDupSo.Aligned.out.bam,/home/hsher/scratch/eric_rbfox2_293t_snake/downsample_bams/Dan_multiplex1_K562_rep4_PUM2_down_INPUT.bam,Dan_multiplex1_K562_rep4_PUM2
93,/home/hsher/scratch/eric_rbfox2_293t_snake/downsample_bams/ENCODE_Dan_multiplex1_K562_rep4_PUM2_CLIP.bam,/home/hsher/scratch/encode_recall/encode3.441_01_PUM2_INPUT.NIL.r1.fq.genome-mappedSo.rmDupSo.r2.bam,ENCODE_Dan_multiplex1_K562_rep4_PUM2
94,/home/hsher/scratch/ABC_reprocess2/K562_rep5/bams/genome/PUM2.genome-mappedSoSo.rmDupSo.Aligned.out.bam,/home/hsher/scratch/eric_rbfox2_293t_snake/downsample_bams/Dan_multiplex1_K562_rep5_PUM2_down_INPUT.bam,Dan_multiplex1_K562_rep5_PUM2
95,/home/hsher/scratch/eric_rbfox2_293t_snake/downsample_bams/ENCODE_Dan_multiplex1_K562_rep5_PUM2_CLIP.bam,/home/hsher/scratch/encode_recall/encode3.441_01_PUM2_INPUT.NIL.r1.fq.genome-mappedSo.rmDupSo.r2.bam,ENCODE_Dan_multiplex1_K562_rep5_PUM2
96,/home/hsher/scratch/ABC_reprocess2/K562_rep6/bams/genome/PUM2.genome-mappedSoSo.rmDupSo.Aligned.out.bam,/home/hsher/scratch/eric_rbfox2_293t_snake/downsample_bams/Dan_multiplex1_K562_rep6_PUM2_down_INPUT.bam,Dan_multiplex1_K562_rep6_PUM2
97,/home/hsher/scratch/eric_rbfox2_293t_snake/downsample_bams/ENCODE_Dan_multiplex1_K562_rep6_PUM2_CLIP.bam,/home/hsher/scratch/encode_recall/encode3.441_01_PUM2_INPUT.NIL.r1.fq.genome-mappedSo.rmDupSo.r2.bam,ENCODE_Dan_multiplex1_K562_rep6_PUM2
98,/home/hsher/scratch/eric_rbfox2_293t_snake/downsample_bams/Dan_multiplex1_K562_rep3_FAM120A_down_CLIP.bam,/home/hsher/scratch/eric_rbfox2_293t_snake/downsample_bams/Dan_multiplex1_K562_rep3_FAM120A_down_INPUT.bam,Dan_multiplex1_K562_rep3_FAM120A
99,/home/hsher/scratch/encode_recall/encode3.279_01_FAM120A_CLIP.A04.r1.fq.genome-mappedSo.rmDupSo.merged.r2.bam,/home/hsher/scratch/encode_recall/encode3.279_01_FAM120A_INPUT.NIL.r1.fq.genome-mappedSo.rmDupSo.r2.bam,ENCODE_Dan_multiplex1_K562_rep3_FAM120A
100,/home/hsher/scratch/ABC_reprocess2/K562_rep4/bams/genome/FAM120A.genome-mappedSoSo.rmDupSo.Aligned.out.bam,/home/hsher/scratch/eric_rbfox2_293t_snake/downsample_bams/Dan_multiplex1_K562_rep4_FAM120A_down_INPUT.bam,Dan_multiplex1_K562_rep4_FAM120A
101,/home/hsher/scratch/eric_rbfox2_293t_snake/downsample_bams/ENCODE_Dan_multiplex1_K562_rep4_FAM120A_CLIP.bam,/home/hsher/scratch/encode_recall/encode3.279_01_FAM120A_INPUT.NIL.r1.fq.genome-mappedSo.rmDupSo.r2.bam,ENCODE_Dan_multiplex1_K562_rep4_FAM120A
102,/home/hsher/scratch/ABC_reprocess2/K562_rep5/bams/genome/FAM120A.genome-mappedSoSo.rmDupSo.Aligned.out.bam,/home/hsher/scratch/eric_rbfox2_293t_snake/downsample_bams/Dan_multiplex1_K562_rep5_FAM120A_down_INPUT.bam,Dan_multiplex1_K562_rep5_FAM120A
103,/home/hsher/scratch/eric_rbfox2_293t_snake/downsample_bams/ENCODE_Dan_multiplex1_K562_rep5_FAM120A_CLIP.bam,/home/hsher/scratch/encode_recall/encode3.279_01_FAM120A_INPUT.NIL.r1.fq.genome-mappedSo.rmDupSo.r2.bam,ENCODE_Dan_multiplex1_K562_rep5_FAM120A
104,/home/hsher/scratch/eric_rbfox2_293t_snake/downsample_bams/Dan_multiplex1_K562_rep6_FAM120A_down_CLIP.bam,/home/hsher/scratch/eric_rbfox2_293t_snake/downsample_bams/Dan_multiplex1_K562_rep6_FAM120A_down_INPUT.bam,Dan_multiplex1_K562_rep6_FAM120A
105,/home/hsher/scratch/encode_recall/encode3.279_01_FAM120A_CLIP.A04.r1.fq.genome-mappedSo.rmDupSo.merged.r2.bam,/home/hsher/scratch/encode_recall/encode3.279_01_FAM120A_INPUT.NIL.r1.fq.genome-mappedSo.rmDupSo.r2.bam,ENCODE_Dan_multiplex1_K562_rep6_FAM120A
106,/home/hsher/scratch/ABC_reprocess2/K562_rep3/bams/genome/DDX3.genome-mappedSoSo.rmDupSo.Aligned.out.bam,/home/hsher/scratch/eric_rbfox2_293t_snake/downsample_bams/Dan_multiplex1_K562_rep3_DDX3_down_INPUT.bam,Dan_multiplex1_K562_rep3_DDX3
107,/home/hsher/scratch/eric_rbfox2_293t_snake/downsample_bams/ENCODE_Dan_multiplex1_K562_rep3_DDX3_CLIP.bam,/home/hsher/scratch/encode_recall/encode3.350_01_DDX3X_INPUT.NIL.r1.fq.genome-mappedSo.rmDupSo.r2.bam,ENCODE_Dan_multiplex1_K562_rep3_DDX3
108,/home/hsher/scratch/ABC_reprocess2/K562_rep4/bams/genome/DDX3.genome-mappedSoSo.rmDupSo.Aligned.out.bam,/home/hsher/scratch/eric_rbfox2_293t_snake/downsample_bams/Dan_multiplex1_K562_rep4_DDX3_down_INPUT.bam,Dan_multiplex1_K562_rep4_DDX3
109,/home/hsher/scratch/eric_rbfox2_293t_snake/downsample_bams/ENCODE_Dan_multiplex1_K562_rep4_DDX3_CLIP.bam,/home/hsher/scratch/encode_recall/encode3.350_01_DDX3X_INPUT.NIL.r1.fq.genome-mappedSo.rmDupSo.r2.bam,ENCODE_Dan_multiplex1_K562_rep4_DDX3
110,/home/hsher/scratch/ABC_reprocess2/K562_rep5/bams/genome/DDX3.genome-mappedSoSo.rmDupSo.Aligned.out.bam,/home/hsher/scratch/eric_rbfox2_293t_snake/downsample_bams/Dan_multiplex1_K562_rep5_DDX3_down_INPUT.bam,Dan_multiplex1_K562_rep5_DDX3
111,/home/hsher/scratch/eric_rbfox2_293t_snake/downsample_bams/ENCODE_Dan_multiplex1_K562_rep5_DDX3_CLIP.bam,/home/hsher/scratch/encode_recall/encode3.350_01_DDX3X_INPUT.NIL.r1.fq.genome-mappedSo.rmDupSo.r2.bam,ENCODE_Dan_multiplex1_K562_rep5_DDX3
112,/home/hsher/scratch/ABC_reprocess2/K562_rep6/bams/genome/DDX3.genome-mappedSoSo.rmDupSo.Aligned.out.bam,/home/hsher/scratch/eric_rbfox2_293t_snake/downsample_bams/Dan_multiplex1_K562_rep6_DDX3_down_INPUT.bam,Dan_multiplex1_K562_rep6_DDX3
113,/home/hsher/scratch/eric_rbfox2_293t_snake/downsample_bams/ENCODE_Dan_multiplex1_K562_rep6_DDX3_CLIP.bam,/home/hsher/scratch/encode_recall/encode3.350_01_DDX3X_INPUT.NIL.r1.fq.genome-mappedSo.rmDupSo.r2.bam,ENCODE_Dan_multiplex1_K562_rep6_DDX3
114,/home/hsher/scratch/ABC_reprocess2/K562_rep3/bams/genome/ZC3H11A.genome-mappedSoSo.rmDupSo.Aligned.out.bam,/home/hsher/scratch/eric_rbfox2_293t_snake/downsample_bams/Dan_multiplex1_K562_rep3_ZC3H11A_down_INPUT.bam,Dan_multiplex1_K562_rep3_ZC3H11A
115,/home/hsher/scratch/eric_rbfox2_293t_snake/downsample_bams/ENCODE_Dan_multiplex1_K562_rep3_ZC3H11A_CLIP.bam,/home/hsher/scratch/encode_recall/encode3.684_01_ZC3H11A_INPUT.NIL.r1.fq.genome-mappedSo.rmDupSo.r2.bam,ENCODE_Dan_multiplex1_K562_rep3_ZC3H11A
116,/home/hsher/scratch/ABC_reprocess2/K562_rep4/bams/genome/ZC3H11A.genome-mappedSoSo.rmDupSo.Aligned.out.bam,/home/hsher/scratch/eric_rbfox2_293t_snake/downsample_bams/Dan_multiplex1_K562_rep4_ZC3H11A_down_INPUT.bam,Dan_multiplex1_K562_rep4_ZC3H11A
117,/home/hsher/scratch/eric_rbfox2_293t_snake/downsample_bams/ENCODE_Dan_multiplex1_K562_rep4_ZC3H11A_CLIP.bam,/home/hsher/scratch/encode_recall/encode3.684_01_ZC3H11A_INPUT.NIL.r1.fq.genome-mappedSo.rmDupSo.r2.bam,ENCODE_Dan_multiplex1_K562_rep4_ZC3H11A
118,/home/hsher/scratch/ABC_reprocess2/K562_rep5/bams/genome/ZC3H11A.genome-mappedSoSo.rmDupSo.Aligned.out.bam,/home/hsher/scratch/eric_rbfox2_293t_snake/downsample_bams/Dan_multiplex1_K562_rep5_ZC3H11A_down_INPUT.bam,Dan_multiplex1_K562_rep5_ZC3H11A
119,/home/hsher/scratch/eric_rbfox2_293t_snake/downsample_bams/ENCODE_Dan_multiplex1_K562_rep5_ZC3H11A_CLIP.bam,/home/hsher/scratch/encode_recall/encode3.684_01_ZC3H11A_INPUT.NIL.r1.fq.genome-mappedSo.rmDupSo.r2.bam,ENCODE_Dan_multiplex1_K562_rep5_ZC3H11A
120,/home/hsher/scratch/ABC_reprocess2/K562_rep6/bams/genome/ZC3H11A.genome-mappedSoSo.rmDupSo.Aligned.out.bam,/home/hsher/scratch/eric_rbfox2_293t_snake/downsample_bams/Dan_multiplex1_K562_rep6_ZC3H11A_down_INPUT.bam,Dan_multiplex1_K562_rep6_ZC3H11A
121,/home/hsher/scratch/eric_rbfox2_293t_snake/downsample_bams/ENCODE_Dan_multiplex1_K562_rep6_ZC3H11A_CLIP.bam,/home/hsher/scratch/encode_recall/encode3.684_01_ZC3H11A_INPUT.NIL.r1.fq.genome-mappedSo.rmDupSo.r2.bam,ENCODE_Dan_multiplex1_K562_rep6_ZC3H11A
122,/home/hsher/scratch/ABC_reprocess2/K562_rep3/bams/genome/EIF3G.genome-mappedSoSo.rmDupSo.Aligned.out.bam,/home/hsher/scratch/eric_rbfox2_293t_snake/downsample_bams/Dan_multiplex1_K562_rep3_EIF3G_down_INPUT.bam,Dan_multiplex1_K562_rep3_EIF3G
123,/home/hsher/scratch/eric_rbfox2_293t_snake/downsample_bams/ENCODE_Dan_multiplex1_K562_rep3_EIF3G_CLIP.bam,/home/hsher/scratch/encode_recall/encode3.646_01_EIF3G_INPUT.NIL.r1.fq.genome-mappedSo.rmDupSo.r2.bam,ENCODE_Dan_multiplex1_K562_rep3_EIF3G
124,/home/hsher/scratch/ABC_reprocess2/K562_rep4/bams/genome/EIF3G.genome-mappedSoSo.rmDupSo.Aligned.out.bam,/home/hsher/scratch/eric_rbfox2_293t_snake/downsample_bams/Dan_multiplex1_K562_rep4_EIF3G_down_INPUT.bam,Dan_multiplex1_K562_rep4_EIF3G
125,/home/hsher/scratch/eric_rbfox2_293t_snake/downsample_bams/ENCODE_Dan_multiplex1_K562_rep4_EIF3G_CLIP.bam,/home/hsher/scratch/encode_recall/encode3.646_01_EIF3G_INPUT.NIL.r1.fq.genome-mappedSo.rmDupSo.r2.bam,ENCODE_Dan_multiplex1_K562_rep4_EIF3G
126,/home/hsher/scratch/ABC_reprocess2/K562_rep5/bams/genome/EIF3G.genome-mappedSoSo.rmDupSo.Aligned.out.bam,/home/hsher/scratch/eric_rbfox2_293t_snake/downsample_bams/Dan_multiplex1_K562_rep5_EIF3G_down_INPUT.bam,Dan_multiplex1_K562_rep5_EIF3G
127,/home/hsher/scratch/eric_rbfox2_293t_snake/downsample_bams/ENCODE_Dan_multiplex1_K562_rep5_EIF3G_CLIP.bam,/home/hsher/scratch/encode_recall/encode3.646_01_EIF3G_INPUT.NIL.r1.fq.genome-mappedSo.rmDupSo.r2.bam,ENCODE_Dan_multiplex1_K562_rep5_EIF3G
128,/home/hsher/scratch/ABC_reprocess2/K562_rep6/bams/genome/EIF3G.genome-mappedSoSo.rmDupSo.Aligned.out.bam,/home/hsher/scratch/eric_rbfox2_293t_snake/downsample_bams/Dan_multiplex1_K562_rep6_EIF3G_down_INPUT.bam,Dan_multiplex1_K562_rep6_EIF3G
129,/home/hsher/scratch/eric_rbfox2_293t_snake/downsample_bams/ENCODE_Dan_multiplex1_K562_rep6_EIF3G_CLIP.bam,/home/hsher/scratch/encode_recall/encode3.646_01_EIF3G_INPUT.NIL.r1.fq.genome-mappedSo.rmDupSo.r2.bam,ENCODE_Dan_multiplex1_K562_rep6_EIF3G
130,/home/hsher/scratch/ABC_reprocess2/K562_rep3/bams/genome/PRPF8.genome-mappedSoSo.rmDupSo.Aligned.out.bam,/home/hsher/scratch/eric_rbfox2_293t_snake/downsample_bams/Dan_multiplex1_K562_rep3_PRPF8_down_INPUT.bam,Dan_multiplex1_K562_rep3_PRPF8
131,/home/hsher/scratch/eric_rbfox2_293t_snake/downsample_bams/ENCODE_Dan_multiplex1_K562_rep3_PRPF8_CLIP.bam,/home/hsher/scratch/encode_recall/encode3.278_01_PRPF8_INPUT.NIL.r1.fq.genome-mappedSo.rmDupSo.r2.bam,ENCODE_Dan_multiplex1_K562_rep3_PRPF8
132,/home/hsher/scratch/ABC_reprocess2/K562_rep4/bams/genome/PRPF8.genome-mappedSoSo.rmDupSo.Aligned.out.bam,/home/hsher/scratch/eric_rbfox2_293t_snake/downsample_bams/Dan_multiplex1_K562_rep4_PRPF8_down_INPUT.bam,Dan_multiplex1_K562_rep4_PRPF8
133,/home/hsher/scratch/eric_rbfox2_293t_snake/downsample_bams/ENCODE_Dan_multiplex1_K562_rep4_PRPF8_CLIP.bam,/home/hsher/scratch/encode_recall/encode3.278_01_PRPF8_INPUT.NIL.r1.fq.genome-mappedSo.rmDupSo.r2.bam,ENCODE_Dan_multiplex1_K562_rep4_PRPF8
134,/home/hsher/scratch/ABC_reprocess2/K562_rep5/bams/genome/PRPF8.genome-mappedSoSo.rmDupSo.Aligned.out.bam,/home/hsher/scratch/eric_rbfox2_293t_snake/downsample_bams/Dan_multiplex1_K562_rep5_PRPF8_down_INPUT.bam,Dan_multiplex1_K562_rep5_PRPF8
135,/home/hsher/scratch/eric_rbfox2_293t_snake/downsample_bams/ENCODE_Dan_multiplex1_K562_rep5_PRPF8_CLIP.bam,/home/hsher/scratch/encode_recall/encode3.278_01_PRPF8_INPUT.NIL.r1.fq.genome-mappedSo.rmDupSo.r2.bam,ENCODE_Dan_multiplex1_K562_rep5_PRPF8
136,/home/hsher/scratch/ABC_reprocess2/K562_rep6/bams/genome/PRPF8.genome-mappedSoSo.rmDupSo.Aligned.out.bam,/home/hsher/scratch/eric_rbfox2_293t_snake/downsample_bams/Dan_multiplex1_K562_rep6_PRPF8_down_INPUT.bam,Dan_multiplex1_K562_rep6_PRPF8
137,/home/hsher/scratch/eric_rbfox2_293t_snake/downsample_bams/ENCODE_Dan_multiplex1_K562_rep6_PRPF8_CLIP.bam,/home/hsher/scratch/encode_recall/encode3.278_01_PRPF8_INPUT.NIL.r1.fq.genome-mappedSo.rmDupSo.r2.bam,ENCODE_Dan_multiplex1_K562_rep6_PRPF8
138,/home/hsher/scratch/ABC_reprocess2/K562_rep3/bams/genome/LIN28B.genome-mappedSoSo.rmDupSo.Aligned.out.bam,/home/hsher/scratch/eric_rbfox2_293t_snake/downsample_bams/Dan_multiplex1_K562_rep3_LIN28B_down_INPUT.bam,Dan_multiplex1_K562_rep3_LIN28B
139,/home/hsher/scratch/eric_rbfox2_293t_snake/downsample_bams/ENCODE_Dan_multiplex1_K562_rep3_LIN28B_CLIP.bam,/home/hsher/scratch/encode_recall/encode3.325_01_LIN28B_INPUT.NIL.r1.fq.genome-mappedSo.rmDupSo.r2.bam,ENCODE_Dan_multiplex1_K562_rep3_LIN28B
140,/home/hsher/scratch/ABC_reprocess2/K562_rep4/bams/genome/LIN28B.genome-mappedSoSo.rmDupSo.Aligned.out.bam,/home/hsher/scratch/eric_rbfox2_293t_snake/downsample_bams/Dan_multiplex1_K562_rep4_LIN28B_down_INPUT.bam,Dan_multiplex1_K562_rep4_LIN28B
141,/home/hsher/scratch/eric_rbfox2_293t_snake/downsample_bams/ENCODE_Dan_multiplex1_K562_rep4_LIN28B_CLIP.bam,/home/hsher/scratch/encode_recall/encode3.325_01_LIN28B_INPUT.NIL.r1.fq.genome-mappedSo.rmDupSo.r2.bam,ENCODE_Dan_multiplex1_K562_rep4_LIN28B
142,/home/hsher/scratch/ABC_reprocess2/K562_rep5/bams/genome/LIN28B.genome-mappedSoSo.rmDupSo.Aligned.out.bam,/home/hsher/scratch/eric_rbfox2_293t_snake/downsample_bams/Dan_multiplex1_K562_rep5_LIN28B_down_INPUT.bam,Dan_multiplex1_K562_rep5_LIN28B
143,/home/hsher/scratch/eric_rbfox2_293t_snake/downsample_bams/ENCODE_Dan_multiplex1_K562_rep5_LIN28B_CLIP.bam,/home/hsher/scratch/encode_recall/encode3.325_01_LIN28B_INPUT.NIL.r1.fq.genome-mappedSo.rmDupSo.r2.bam,ENCODE_Dan_multiplex1_K562_rep5_LIN28B
144,/home/hsher/scratch/ABC_reprocess2/K562_rep6/bams/genome/LIN28B.genome-mappedSoSo.rmDupSo.Aligned.out.bam,/home/hsher/scratch/eric_rbfox2_293t_snake/downsample_bams/Dan_multiplex1_K562_rep6_LIN28B_down_INPUT.bam,Dan_multiplex1_K562_rep6_LIN28B
145,/home/hsher/scratch/eric_rbfox2_293t_snake/downsample_bams/ENCODE_Dan_multiplex1_K562_rep6_LIN28B_CLIP.bam,/home/hsher/scratch/encode_recall/encode3.325_01_LIN28B_INPUT.NIL.r1.fq.genome-mappedSo.rmDupSo.r2.bam,ENCODE_Dan_multiplex1_K562_rep6_LIN28B
146,/home/hsher/scratch/ABC_reprocess2/K562_rep3/bams/genome/SF3B4.genome-mappedSoSo.rmDupSo.Aligned.out.bam,/home/hsher/scratch/eric_rbfox2_293t_snake/downsample_bams/Dan_multiplex1_K562_rep3_SF3B4_down_INPUT.bam,Dan_multiplex1_K562_rep3_SF3B4
147,/home/hsher/scratch/eric_rbfox2_293t_snake/downsample_bams/ENCODE_Dan_multiplex1_K562_rep3_SF3B4_CLIP.bam,/home/hsher/scratch/encode_recall/encode3.507_01_SF3B4_INPUT.NIL.r1.fq.genome-mappedSo.rmDupSo.r2.bam,ENCODE_Dan_multiplex1_K562_rep3_SF3B4
148,/home/hsher/scratch/ABC_reprocess2/K562_rep4/bams/genome/SF3B4.genome-mappedSoSo.rmDupSo.Aligned.out.bam,/home/hsher/scratch/eric_rbfox2_293t_snake/downsample_bams/Dan_multiplex1_K562_rep4_SF3B4_down_INPUT.bam,Dan_multiplex1_K562_rep4_SF3B4
149,/home/hsher/scratch/eric_rbfox2_293t_snake/downsample_bams/ENCODE_Dan_multiplex1_K562_rep4_SF3B4_CLIP.bam,/home/hsher/scratch/encode_recall/encode3.507_01_SF3B4_INPUT.NIL.r1.fq.genome-mappedSo.rmDupSo.r2.bam,ENCODE_Dan_multiplex1_K562_rep4_SF3B4
150,/home/hsher/scratch/ABC_reprocess2/K562_rep5/bams/genome/SF3B4.genome-mappedSoSo.rmDupSo.Aligned.out.bam,/home/hsher/scratch/eric_rbfox2_293t_snake/downsample_bams/Dan_multiplex1_K562_rep5_SF3B4_down_INPUT.bam,Dan_multiplex1_K562_rep5_SF3B4
151,/home/hsher/scratch/eric_rbfox2_293t_snake/downsample_bams/ENCODE_Dan_multiplex1_K562_rep5_SF3B4_CLIP.bam,/home/hsher/scratch/encode_recall/encode3.507_01_SF3B4_INPUT.NIL.r1.fq.genome-mappedSo.rmDupSo.r2.bam,ENCODE_Dan_multiplex1_K562_rep5_SF3B4
152,/home/hsher/scratch/ABC_reprocess2/K562_rep6/bams/genome/SF3B4.genome-mappedSoSo.rmDupSo.Aligned.out.bam,/home/hsher/scratch/eric_rbfox2_293t_snake/downsample_bams/Dan_multiplex1_K562_rep6_SF3B4_down_INPUT.bam,Dan_multiplex1_K562_rep6_SF3B4
153,/home/hsher/scratch/eric_rbfox2_293t_snake/downsample_bams/ENCODE_Dan_multiplex1_K562_rep6_SF3B4_CLIP.bam,/home/hsher/scratch/encode_recall/encode3.507_01_SF3B4_INPUT.NIL.r1.fq.genome-mappedSo.rmDupSo.r2.bam,ENCODE_Dan_multiplex1_K562_rep6_SF3B4
154,/home/wjin/scratch/CLIP_seq/Kris_Katie/Genome_mapping/IP-olig-RBFOX2-1_eCLIP/results/IP-olig-RBFOX2-1.IP-olig-RBFOX2-1_CLIP.umi.r1.fq.genome-mappedSoSo.rmDupSo.bam,/home/wjin/scratch/CLIP_seq/Kris_Katie/Genome_mapping/IP-olig-RBFOX2-1_eCLIP/results/IP-olig-RBFOX2-1.IP-olig-RBFOX2-1_INPUT.umi.r1.fq.genome-mappedSoSo.rmDupSo.bam,katieoligo_RBFOX2_rep1
155,/home/hsher/scratch/eric_rbfox2_293t_snake/downsample_bams/ENCODE_katieoligo_RBFOX2_rep1_CLIP.bam,/home/hsher/scratch/eric_rbfox2_293t_snake/downsample_bams/ENCODE_katieoligo_RBFOX2_rep1_INPUT.bam,ENCODE_katieoligo_RBFOX2_rep1
156,/home/wjin/scratch/CLIP_seq/Kris_Katie/Genome_mapping/IP-olig-RBFOX2-2_eCLIP/results/IP-olig-RBFOX2-2.IP-olig-RBFOX2-2_CLIP.umi.r1.fq.genome-mappedSoSo.rmDupSo.bam,/home/wjin/scratch/CLIP_seq/Kris_Katie/Genome_mapping/IP-olig-RBFOX2-2_eCLIP/results/IP-olig-RBFOX2-2.IP-olig-RBFOX2-2_INPUT.umi.r1.fq.genome-mappedSoSo.rmDupSo.bam,katieoligo_RBFOX2_rep2
157,/home/hsher/scratch/eric_rbfox2_293t_snake/downsample_bams/ENCODE_katieoligo_RBFOX2_rep2_CLIP.bam,/home/hsher/scratch/eric_rbfox2_293t_snake/downsample_bams/ENCODE_katieoligo_RBFOX2_rep2_INPUT.bam,ENCODE_katieoligo_RBFOX2_rep2
158,/home/hsher/scratch/katie_drosphila/bams/genome/RBFOX2_CLIP1.genome-mappedSoSo.rmDupSo.Aligned.out.bam,/home/hsher/scratch/katie_drosphila/bams/genome/RBFOX2_INPUT1.genome-mappedSoSo.rmDupSo.Aligned.out.bam,katieoligo_RBFOX2_rep3
159,/home/hsher/scratch/katie_drosphila/bams/genome/RBFOX2_CLIP2.genome-mappedSoSo.rmDupSo.Aligned.out.bam,/home/hsher/scratch/katie_drosphila/bams/genome/RBFOX2_INPUT2.genome-mappedSoSo.rmDupSo.Aligned.out.bam,katieoligo_RBFOX2_rep4
160,/home/hsher/scratch/katie_drosphila/bams/genome/RPS2_CLIP1.genome-mappedSoSo.rmDupSo.Aligned.out.bam,/home/hsher/scratch/katie_drosphila/bams/genome/RPS2_INPUT1.genome-mappedSoSo.rmDupSo.Aligned.out.bam,katieoligo_RPS2_rep1
161,/home/hsher/scratch/katie_drosphila/bams/genome/RPS2_CLIP2.genome-mappedSoSo.rmDupSo.Aligned.out.bam,/home/hsher/scratch/katie_drosphila/bams/genome/RPS2_INPUT2.genome-mappedSoSo.rmDupSo.Aligned.out.bam,katieoligo_RPS2_rep2
162,/home/hsher/scratch/katie_drosphila/bams/genome/RPS2_torin_CLIP1.genome-mappedSoSo.rmDupSo.Aligned.out.bam,/home/hsher/scratch/katie_drosphila/bams/genome/RPS2_torin_INPUT1.genome-mappedSoSo.rmDupSo.Aligned.out.bam,katieoligo_RPS2_torin_rep1
163,/home/hsher/scratch/katie_drosphila/bams/genome/RPS2_torin_CLIP2.genome-mappedSoSo.rmDupSo.Aligned.out.bam,/home/hsher/scratch/katie_drosphila/bams/genome/RPS2_torin_INPUT2.genome-mappedSoSo.rmDupSo.Aligned.out.bam,katieoligo_RPS2_torin_rep2
164,/home/hsher/scratch/katie_drosphila/bams/genome/SLBP_CLIP1.genome-mappedSoSo.rmDupSo.Aligned.out.bam,/home/hsher/scratch/katie_drosphila/bams/genome/SLBP_INPUT1.genome-mappedSoSo.rmDupSo.Aligned.out.bam,katieoligo_SLBP_rep1
165,/home/hsher/scratch/eric_rbfox2_293t_snake/downsample_bams/ENCODE_katieoligo_SLBP_rep1_CLIP.bam,/home/hsher/scratch/eric_rbfox2_293t_snake/downsample_bams/ENCODE_katieoligo_SLBP_rep1_INPUT.bam,ENCODE_katieoligo_SLBP_rep1
166,/home/hsher/scratch/katie_drosphila/bams/genome/SLBP_CLIP2.genome-mappedSoSo.rmDupSo.Aligned.out.bam,/home/hsher/scratch/katie_drosphila/bams/genome/SLBP_INPUT2.genome-mappedSoSo.rmDupSo.Aligned.out.bam,katieoligo_SLBP_rep2
167,/home/hsher/scratch/eric_rbfox2_293t_snake/downsample_bams/ENCODE_katieoligo_SLBP_rep2_CLIP.bam,/home/hsher/scratch/eric_rbfox2_293t_snake/downsample_bams/ENCODE_katieoligo_SLBP_rep2_INPUT.bam,ENCODE_katieoligo_SLBP_rep2
168,/home/hsher/scratch/katie_drosphila/bams/genome/SLBP_V5_CLIP1.genome-mappedSoSo.rmDupSo.Aligned.out.bam,/home/hsher/scratch/katie_drosphila/bams/genome/SLBP_INPUT1.genome-mappedSoSo.rmDupSo.Aligned.out.bam,katieoligo_SLBP_V5_rep1
169,/home/hsher/scratch/katie_drosphila/bams/genome/SLBP_V5_CLIP2.genome-mappedSoSo.rmDupSo.Aligned.out.bam,/home/hsher/scratch/katie_drosphila/bams/genome/SLBP_INPUT2.genome-mappedSoSo.rmDupSo.Aligned.out.bam,katieoligo_SLBP_V5_rep2
